insert into document
(id, author_id, base_document_id, date_time, doc_type, individual_id, is_hold, is_payed, number, project_id,
supplier_id, recipient_id, storage_from_id, storage_to_id, is_deleted, d_type)
values
(1, 2, null, '2022-03-16 11:00:00.000', 'POSTING_DOC', null, B'1', B'1', 1, 3, null, 1, null, 3, B'0', 1),
(2, 2, null, '2022-03-17 11:00:00.000', 'POSTING_DOC', null, B'1', B'1', 2, 3, null, 1, null, 3, B'0', 1),
(3, 2, null, '2022-03-20T11:00:00.000', 'WRITE_OFF_DOC', null, B'1', B'1', 3, 3, 1, 1, 3, null, B'0', 1),
(4, 2, null, '2022-03-29T11:00:00.000', 'MOVEMENT_DOC', null, B'1', B'1', 4, 3, 1, 1, 3, 2, B'0', 1),
(5, 2, null, '2022-03-30T11:00:00.000', 'MOVEMENT_DOC', null, B'1', B'1', 5, 3, 1, 1, 3, 1, B'0', 1);

insert into document_item
(id, discount, item_id, document_id, price, d_quantity, quantity_fact)
values
(1, 0.0, 7, 1, 100.00, 10.0, 0.0),
(2, 0.0, 8, 1, 200.00, 10.0, 0.0),

(3, 0.0, 7, 2, 120.00, 10.0, 0.0),
(4, 0.0, 8, 2, 240.00, 10.0, 0.0),

(5, 0.0, 7, 3, 0.00, 5.0, 0.0),
(6, 0.0, 8, 3, 0.00, 5.0, 0.0),

(7, 0.0, 7, 4, 0.00, 2.0, 0.0),
(8, 0.0, 8, 4, 0.00, 2.0, 0.0),

(9, 0.0, 8, 5, 0.00, 2.0, 0.0),
(10, 0.0, 8, 5, 0.00, 2.0, 0.0);

insert into lot
(id, document_item_id, lot_time)
values
(1, 1, '2022-03-16 11:00:00.000'),
(2, 2, '2022-03-16 11:00:00.000'),

(3, 3, '2022-03-17 11:00:00.000'),
(4, 4, '2022-03-17 11:00:00.000');

insert into lot_movement
(id, movement_time, lot_id, storage_id, document_id, d_quantity)
values
(1, '2022-03-16 11:00:00.000000', 1, 3, 1, 10.00),
(2, '2022-03-16 11:00:00.000000', 2, 3, 1, 10.00),

(3, '2022-03-17 11:00:00.000000', 3, 3, 2, 10.00),
(4, '2022-03-17 11:00:00.000000', 4, 3, 2, 10.00),

(5, '2022-03-20 11:00:00.000000', 1, 3, 3, -5.00),
(6, '2022-03-20 11:00:00.000000', 2, 3, 3, -5.00),

(7, '2022-03-29 11:00:00.000000', 1, 3, 4, -2.00),
(8, '2022-03-29 11:00:00.000000', 2, 3, 4, -2.00),
(9, '2022-03-29 11:00:00.000000', 1, 2, 4, 2.00),
(10, '2022-03-29 11:00:00.000000', 2, 2, 4, 2.00),

(11, '2022-03-30 11:00:00.000000', 1, 3, 5, -2.00),
(12, '2022-03-30 11:00:00.000000', 2, 3, 5, -2.00),
(13, '2022-03-30 11:00:00.000000', 1, 1, 5, 2.00),
(14, '2022-03-30 11:00:00.000000', 2, 1, 5, 2.00);